"","likert_colnames"
"1","PIV_1"
"2","PIV_2"
"3","PIV_3"
"4","PIV_4"
"5","PIV_5"
"6","PIV_6"
"7","PIV_7"
"8","PIV_8"
"9","PIV_9"
"10","PIV_10"
"11","PIV_11"
"12","PIV_12"
"13","PIV_13"
"14","PIV_14"
"15","PIV_15"
"16","PIV_16"
"17","PIV_17"
"18","PIV_18"
"19","PIV_19"
"20","PIV_20"
"21","PIV_21"
"22","PIV_22"
"23","PIV_23"
"24","PIV_24"
"25","PIV_25"
"26","PIV_26"
"27","PIV_27"
"28","PIV_28"
"29","SWLS...before_1"
"30","SWLS...before_2"
"31","SWLS...before_3"
"32","SWLS...before_4"
"33","SWLS...before_5"
"34","SWLS...after_1"
"35","SWLS...after_2"
"36","SWLS...after_3"
"37","SWLS...after_4"
"38","SWLS...after_5"
