"","only_included_item_colnames"
"1","PIV_1"
"2","PIV_2"
"3","PIV_3"
"4","PIV_4"
"5","PIV_5"
"6","PIV_6"
"7","PIV_7"
"8","PIV_8"
"9","PIV_9"
"10","PIV_10"
"11","PIV_11"
"12","PIV_12"
"13","PIV_13"
"14","PIV_16"
"15","PIV_17"
"16","PIV_18"
"17","PIV_19"
"18","PIV_20"
"19","PIV_22"
"20","PIV_23"
"21","PIV_25"
"22","PIV_27"
"23","PIV_28"
"24","EBI_1"
"25","EBI_2"
"26","EBI_3"
"27","EBI_5"
"28","EBI_6"
"29","EBI_8"
"30","MEV_1"
"31","MEV_2"
"32","MEV_3"
"33","MEV_4"
"34","MEV_5"
"35","MEV_6"
"36","MEV_7"
"37","MEV_8"
"38","MEV_9"
"39","MEV_10"
"40","MEV_11"
"41","MEV_12"
"42","MEV_13"
"43","MEV_14"
"44","MEV_15"
"45","MEV_16"
"46","MEV_17"
"47","MEV_18"
"48","MEV_19"
"49","MEV_20"
"50","MEV_21"
"51","MEV_22"
"52","MEV_23"
"53","MEV_24"
"54","MEV_25"
"55","MEV_26"
"56","MEV_27"
"57","MEV_28"
"58","MEV_29"
"59","MEV_30"
"60","SWLS...before_1"
"61","SWLS...before_2"
"62","SWLS...before_3"
"63","SWLS...before_4"
"64","SWLS...before_5"
"65","SWLS...after_1"
"66","SWLS...after_2"
"67","SWLS...after_3"
"68","SWLS...after_4"
"69","SWLS...after_5"
"70","PIS.6_1"
"71","PIS.6_2"
"72","PIS.6_3"
"73","PIS.6_4"
"74","PIS.6_5"
"75","PIS.6_6"
